<?xml version="1.0" encoding="utf-8"?>
<ApplicationInstallerManifest>
   <DefaultInstallationDirectory>/usr/DPP_Sampler/</DefaultInstallationDirectory>
   <ApplicationName>DPP_Sampler</ApplicationName>
   <ExecutableName>application/ </ExecutableName>
   <GUID>6c20c943-8b94-45e2-9d9a-89bda661fc31</GUID>
   <ApplicationIcon>default_icon_48.png</ApplicationIcon>
   <Logo>default_logo.png</Logo>
   <Version>1.0</Version>
   <InstallationNotes>You must have Python 2.7, 3.3, or 3.4 on your machine to install this package. Go to the directory to which setup.py and your package have been written. Then execute:

        python setup.py install [options]

For details, see the readme.txt distributed with this package.
In the following directions, replace MCR_ROOT by the directory where the MATLAB Runtime is installed on the target machine.

(1) Set the environment variable XAPPLRESDIR to this value:

    MCR_ROOT/v901/X11/app-defaults


(2) If the environment variable LD_LIBRARY_PATH is undefined, set it to the concatenation of the following strings:

    MCR_ROOT/v901/runtime/glnxa64:
    MCR_ROOT/v901/bin/glnxa64:
    MCR_ROOT/v901/sys/os/glnxa64:
    MCR_ROOT/v901/sys/opengl/lib/glnxa64

    If it is defined, set it to the concatenation of these strings:

    ${LD_LIBRARY_PATH}: 
    MCR_ROOT/v901/runtime/glnxa64:
    MCR_ROOT/v901/bin/glnxa64:
    MCR_ROOT/v901/sys/os/glnxa64:
    MCR_ROOT/v901/sys/opengl/lib/glnxa64</InstallationNotes>
   <WelcomePanelText>DPP_Sampler 1.0</WelcomePanelText>
   <MCRProducts>
      <MCRProduct>
         <ExternalProductIdentifier>35010</ExternalProductIdentifier>
      </MCRProduct>
   </MCRProducts>
</ApplicationInstallerManifest>